BRAND,ITEMNUMBER,IMAGE
BABOLAT,150077-332,main1-2
BABOLAT,B140237,main 1
BABOLAT,B140242,main1
BABOLAT,B140243,main1
BABOLAT,B140244,main1
BABOLAT,B140245,main1
BABOLAT,B140255,main1
BABOLAT,B121199,main1
BABOLAT,B101344,manin1-2 side1-grip
BABOLAT,B101346,manin1-2 side1-grip
BABOLAT,B101332,manin1-2 side1-grip
BABOLAT,B101330,manin1-2 side1-grip
BABOLAT, B101338,manin1-2 side1-grip
,,
WILSON, WRT20320U,side1-2
WILSON,WR016210U,side2
WILSON,WR009010U,side1-2
WILSON,WR025810U,main1
WILSON,WRT70350U,main1
WILSON,WRT58610U,main1-2
WILSON,WR045011U,side2
WILSON,WR044911U,main1
WILSON, WR044811U,side1-2 grip
WILSON,WR044711U,main 1-2 side1- grip
WILSON,WR036611U,side1-2
WILSON,WR009010U,side 1-2
WILSON,WR016210U,side2
WILSON,WR015811U,main1-2 side1 grip
WILSON,WR015811U,main 1-2 side1- grip
WILSON,WR013611U,main 1-2 side1- grip
WILSON, WR013711U,main 1-2 side1- grip
WILSON,WR057411U,main 1-2 side1- grip
,,
HEAD,234277,main1
HEAD,233820,main1-2 grip
HEAD,234120,main 1-2 grip
HEAD,234110,main1-2 grip
HEAD,234914,main1-2
HEAD,234934,main1-2
HEAD,232320,main1-2
HEAD,232310,main1
HEAD,237308,main1
HEAD,230408,main1-2 side1 grip
HEAD,233959,main1-2
HEAD,234259,main1
HEAD,235208,main1
HEAD,235360,main1-2 side1 grip
HEAD,235350,main1-2 side1 grip
HEAD,235340,main1-2 side1 grip
HEAD,235310,side2
HEAD,235320,main1-2 grip
,,
YONEX,EZ0626,main1
YONEX,VC18100LT,main-2 side1-2 
YONEX,VC1898LT,main-2 side1-2 
YONEX,VC1898BK,main-2 side1-2 
YONEX,EZ06100SLWP,main1
,,
VOLKL,V18J10,main1-2 side1 grip
VOLKL,V18J21,main1-2
VOLKL, V18J23,main1-2 
VOLKL,V18801,main1-2 side1 grip
VOLKL,V18803,main1-2 side1 grip
VOLKL,V18011,main1-2 side1 grip
,,
DUNLOP,677419,main1-2 side1 grip
DUNLOP,10295928,main1-2 side1 grip
DUNLOP,10295923,main1-2 side1 grip
DUNLOP,10295918,main1-2
DUNLOP,10295913,main-1-2 side1 grip
DUNLOP,10302133,main1-2 grip
DUNLOP,10302132,main 1-2 
,,
Kennex,KINP7,main1
Kennex,120483,main1-2 side1-2
Kennex,120472,main1-2 side1-2
,,
PACIFIC,PC-006715,main 1-2  side1 grip
PACIFIC,PC-006217,main1-2 side1 grip
PACIFIC,PC-006217,main1-2 side1 grip
PACIFIC,PC-006715,main 1-2  side1  grip
,,
Gamma,RGJQK22,
